-- 도서관 더미 데이터 삽입 스크립트
USE library;

-- 1. 사용자 데이터 (관리자 5명 + 일반 사용자 10명)
-- 관리자 계정
INSERT INTO users (id, name, password, role) VALUES
('admin1', '관리자1', 'admin1234', 'admin'),
('admin2', '관리자2', 'admin1234', 'admin'),
('admin3', '관리자3', 'admin1234', 'admin'),
('admin4', '관리자4', 'admin1234', 'admin'),
('admin5', '관리자5', 'admin1234', 'admin');

-- 일반 사용자 계정
INSERT INTO users (id, name, password, role) VALUES
('user1', '김철수', 'user1234', 'user'),
('user2', '이영희', 'user1234', 'user'),
('user3', '박민수', 'user1234', 'user'),
('user4', '정수진', 'user1234', 'user'),
('user5', '최동욱', 'user1234', 'user'),
('user6', '강서연', 'user1234', 'user'),
('user7', '윤재혁', 'user1234', 'user'),
('user8', '임다영', 'user1234', 'user'),
('user9', '한승우', 'user1234', 'user'),
('user10', '오지민', 'user1234', 'user');

-- 2. 저자 데이터
INSERT INTO authors (name) VALUES
('김영하'),
('한강'),
('박경리'),
('조정래'),
('무라카미 하루키'),
('J.K. 롤링'),
('조지 오웰'),
('F. 스콧 피츠제럴드'),
('마크 트웨인'),
('찰스 디킨스'),
('제인 오스틴'),
('어니스트 헤밍웨이'),
('허먼 멜빌'),
('레프 톨스토이'),
('도스토옙스키'),
('조남주'),
('J.R.R. 톨킨'),
('C.S. 루이스'),
('릭 라이어던'),
('어슐러 K. 르 귄'),
('오슨 스콧 카드'),
('브랜든 샌더슨'),
('올더스 헉슬리'),
('아이작 아시모프'),
('프랭크 허버트'),
('H.G. 웰스'),
('레이 브래드버리'),
('스타니스와프 렘'),
('더글러스 애덤스'),
('제레드 다이아몬드'),
('유발 하라리'),
('토마스 피케티'),
('아널드 토인비'),
('스티븐 코비'),
('데일 카네기'),
('기시미 이치로'),
('팀 페리스'),
('앤절라 더크워스'),
('찰스 두히그'),
('호아킴 데 포사다'),
('로버트 기요사키'),
('김승호'),
('조엘 그린블라트'),
('피터 린치'),
('레이 달리오'),
('팀 하포드'),
('리처드 탈러'),
('칼 세이건'),
('리처드 도킨스'),
('제인 구달'),
('스티븐 호킹'),
('에른스트 곰브리치'),
('플라톤'),
('마르틴 하이데거'),
('로버트 치알디니'),
('조지 레이코프'),
('대니얼 카너먼');

-- 3. 카테고리 데이터
INSERT INTO categories (name) VALUES
('소설'),
('판타지'),
('SF'),
('역사'),
('자기계발'),
('경제/경영'),
('과학'),
('예술'),
('철학'),
('심리학');

-- 4. 도서 데이터 (60권)
INSERT INTO books (title, published_year) VALUES
-- 소설 (15권)
('채식주의자', 2007),
('노르웨이의 숲', 1987),
('위대한 개츠비', 1925),
('톰 소여의 모험', 1876),
('올리버 트위스트', 1838),
('오만과 편견', 1813),
('노인과 바다', 1952),
('모비 딕', 1851),
('전쟁과 평화', 1869),
('죄와 벌', 1866),
('토지', 1994),
('태백산맥', 1986),
('아몬드', 2017),
('82년생 김지영', 2016),
('살인자의 기억법', 2013),

-- 판타지 (10권)
('해리 포터와 마법사의 돌', 1997),
('해리 포터와 비밀의 방', 1998),
('해리 포터와 아즈카반의 죄수', 1999),
('반지의 제왕: 반지 원정대', 1954),
('나니아 연대기', 1950),
('호빗', 1937),
('퍼시 잭슨과 번개 도둑', 2005),
('어스시의 마법사', 1968),
('엔더의 게임', 1985),
('미스트본', 2006),

-- SF (8권)
('1984', 1949),
('멋진 신세계', 1932),
('파운데이션', 1951),
('듀', 1965),
('타임머신', 1895),
('화성 연대기', 1950),
('솔라리스', 1961),
('은하수를 여행하는 히치하이커를 위한 안내서', 1979),

-- 역사 (6권)
('총,균,쇠', 1997),
('사피엔스', 2011),
('21세기 자본', 2013),
('역사의 연구', 1934),
('문명의 붕괴', 2005),
('대한민국사', 2013),

-- 자기계발 (8권)
('7가지 습관', 1989),
('데일 카네기 인간관계론', 1936),
('미움받을 용기', 2013),
('아침형 인간', 2008),
('타이탄의 도구들', 2016),
('그릿', 2016),
('습관의 힘', 2012),
('마시멜로 이야기', 2005),

-- 경제/경영 (7권)
('부의 추월차선', 2011),
('돈의 속성', 2020),
('주식시장을 이기는 작은 책', 2007),
('피터 린치의 이기는 투자', 1989),
('원칙', 2017),
('경제학 콘서트', 2006),
('넛지', 2008),

-- 과학 (4권)
('코스모스', 1980),
('이기적 유전자', 1976),
('총명한 침팬지', 2005),
('시간의 역사', 1988),

-- 예술 (1권)
('서양미술사', 1950),

-- 철학 (2권)
('소크라테스의 변명', -399),
('존재와 시간', 1927),

-- 심리학 (3권)
('설득의 심리학', 1984),
('사람의 마음을 움직이는 프레임', 2004),
('생각에 관한 생각', 2011);

-- 5. 도서-저자 관계 (64권 전체)
INSERT INTO book_authors (book_id, author_id) VALUES
-- 소설 (1-15)
(1, 2),   -- 채식주의자 - 한강
(2, 5),   -- 노르웨이의 숲 - 무라카미 하루키
(3, 8),   -- 위대한 개츠비 - F. 스콧 피츠제럴드
(4, 9),   -- 톰 소여의 모험 - 마크 트웨인
(5, 10),  -- 올리버 트위스트 - 찰스 디킨스
(6, 11),  -- 오만과 편견 - 제인 오스틴
(7, 12),  -- 노인과 바다 - 어니스트 헤밍웨이
(8, 13),  -- 모비 딕 - 허먼 멜빌
(9, 14),  -- 전쟁과 평화 - 톨스토이
(10, 15), -- 죄와 벌 - 도스토옙스키
(11, 3),  -- 토지 - 박경리
(12, 4),  -- 태백산맥 - 조정래
(13, 1), (13, 2), -- 아몬드 - 김영하, 한강 (공저)
(14, 16), -- 82년생 김지영 - 조남주
(15, 17), -- 살인자의 기억법 - 김영하
-- 판타지 (16-25)
(16, 6),  -- 해리 포터와 마법사의 돌 - J.K. 롤링
(17, 6),  -- 해리 포터와 비밀의 방 - J.K. 롤링
(18, 6),  -- 해리 포터와 아즈카반의 죄수 - J.K. 롤링
(19, 18), -- 반지의 제왕 - J.R.R. 톨킨
(20, 19), -- 나니아 연대기 - C.S. 루이스
(21, 18), -- 호빗 - J.R.R. 톨킨
(22, 20), -- 퍼시 잭슨 - 릭 라이어던
(23, 21), -- 어스시 - 어슐러 K. 르 귄
(24, 22), -- 엔더의 게임 - 오슨 스콧 카드
(25, 23), -- 미스트본 - 브랜든 샌더슨
-- SF (26-33)
(26, 7),  -- 1984 - 조지 오웰
(27, 24), -- 멋진 신세계 - 올더스 헉슬리
(28, 25), -- 파운데이션 - 아이작 아시모프
(29, 26), -- 듄 - 프랭크 허버트
(30, 27), -- 타임머신 - H.G. 웰스
(31, 28), -- 화성 연대기 - 레이 브래드버리
(32, 29), -- 솔라리스 - 스타니스와프 렘
(33, 30), -- 히치하이커 - 더글러스 애덤스
-- 역사 (34-39)
(34, 31), -- 총,균,쇠 - 제레드 다이아몬드
(35, 32), -- 사피엔스 - 유발 하라리
(36, 33), -- 21세기 자본 - 토마스 피케티
(37, 34), -- 역사의 연구 - 아널드 토인비
(38, 31), -- 문명의 붕괴 - 제레드 다이아몬드
(39, 3),  -- 대한민국사 - 박경리
-- 자기계발 (40-47)
(40, 35), -- 7가지 습관 - 스티븐 코비
(41, 36), -- 데일 카네기 인간관계론 - 데일 카네기
(42, 37), -- 미움받을 용기 - 기시미 이치로
(43, 1),  -- 아침형 인간 - 김영하
(44, 38), -- 타이탄의 도구들 - 팀 페리스
(45, 39), -- 그릿 - 앤절라 더크워스
(46, 40), -- 습관의 힘 - 찰스 두히그
(47, 41), -- 마시멜로 이야기 - 호아킴 데 포사다
-- 경제/경영 (48-54)
(48, 42), -- 부의 추월차선 - 로버트 기요사키
(49, 43), -- 돈의 속성 - 김승호
(50, 44), -- 주식시장을 이기는 작은 책 - 조엘 그린블라트
(51, 45), -- 피터 린치의 이기는 투자 - 피터 린치
(52, 46), -- 원칙 - 레이 달리오
(53, 47), -- 경제학 콘서트 - 팀 하포드
(54, 48), -- 넛지 - 리처드 탈러
-- 과학 (55-58)
(55, 49), -- 코스모스 - 칼 세이건
(56, 50), -- 이기적 유전자 - 리처드 도킨스
(57, 51), -- 총명한 침팬지 - 제인 구달
(58, 52), -- 시간의 역사 - 스티븐 호킹
-- 예술 (59)
(59, 53), -- 서양미술사 - 에른스트 곰브리치
-- 철학 (60-61)
(60, 54), -- 소크라테스의 변명 - 플라톤
(61, 55), -- 존재와 시간 - 마르틴 하이데거
-- 심리학 (62-64)
(62, 56), -- 설득의 심리학 - 로버트 치알디니
(63, 57), -- 프레임 - 조지 레이코프
(64, 58); -- 생각에 관한 생각 - 대니얼 카너먼

-- 6. 도서-카테고리 관계 (64권 전체)
INSERT INTO book_categories (book_id, category_id) VALUES
-- 소설 (1-15)
(1, 1), (1, 10),      -- 채식주의자 - 소설, 심리학
(2, 1),               -- 노르웨이의 숲 - 소설
(3, 1),               -- 위대한 개츠비 - 소설
(4, 1),               -- 톰 소여의 모험 - 소설
(5, 1), (5, 4),       -- 올리버 트위스트 - 소설, 역사
(6, 1),               -- 오만과 편견 - 소설
(7, 1),               -- 노인과 바다 - 소설
(8, 1),               -- 모비 딕 - 소설
(9, 1), (9, 4), (9, 9),    -- 전쟁과 평화 - 소설, 역사, 철학
(10, 1), (10, 9), (10, 10), -- 죄와 벌 - 소설, 철학, 심리학
(11, 1), (11, 4),     -- 토지 - 소설, 역사
(12, 1), (12, 4),     -- 태백산맥 - 소설, 역사
(13, 1), (13, 10),    -- 아몬드 - 소설, 심리학
(14, 1),              -- 82년생 김지영 - 소설
(15, 1),              -- 살인자의 기억법 - 소설
-- 판타지 (16-25)
(16, 2), (16, 1),     -- 해리 포터 1 - 판타지, 소설
(17, 2), (17, 1),     -- 해리 포터 2 - 판타지, 소설
(18, 2), (18, 1),     -- 해리 포터 3 - 판타지, 소설
(19, 2), (19, 1),     -- 반지의 제왕 - 판타지, 소설
(20, 2), (20, 1),     -- 나니아 - 판타지, 소설
(21, 2), (21, 1),     -- 호빗 - 판타지, 소설
(22, 2), (22, 1),     -- 퍼시 잭슨 - 판타지, 소설
(23, 2), (23, 1),     -- 어스시 - 판타지, 소설
(24, 2), (24, 3),     -- 엔더의 게임 - 판타지, SF
(25, 2),              -- 미스트본 - 판타지
-- SF (26-33)
(26, 3), (26, 1), (26, 9), -- 1984 - SF, 소설, 철학
(27, 3), (27, 1),     -- 멋진 신세계 - SF, 소설
(28, 3),              -- 파운데이션 - SF
(29, 3),              -- 듄 - SF
(30, 3),              -- 타임머신 - SF
(31, 3), (31, 1),     -- 화성 연대기 - SF, 소설
(32, 3),              -- 솔라리스 - SF
(33, 3),              -- 히치하이커 - SF
-- 역사 (34-39)
(34, 4), (35, 4), (36, 4), (36, 6), (37, 4), (38, 4), (39, 4),
-- 자기계발 (40-47)
(40, 5), (41, 5), (42, 5), (43, 5), (44, 5), (45, 5), (46, 5), (47, 5),
-- 경제/경영 (48-54)
(48, 6), (49, 6), (50, 6), (51, 6), (52, 6), (53, 6), (54, 6), (54, 10),
-- 과학 (55-58)
(55, 7), (56, 7), (57, 7), (58, 7),
-- 예술 (59)
(59, 8),
-- 철학 (60-61)
(60, 9), (61, 9),
-- 심리학 (62-64)
(62, 10), (63, 10), (64, 10);

-- 7. 도서 사본 데이터 (64권, 일부는 모두 대출중)
INSERT INTO book_copies (book_id, status) VALUES
-- 소설 (1-15)
(1, 'available'), (1, 'borrowed'), (1, 'available'),  -- 채식주의자 3권
(2, 'available'), (2, 'borrowed'),  -- 노르웨이의 숲 2권
(3, 'available'), (3, 'borrowed'), (3, 'available'),  -- 위대한 개츠비 3권
(4, 'available'), (4, 'available'),  -- 톰 소여 2권
(5, 'borrowed'),  -- 올리버 트위스트 1권 (모두 대출중!)
(6, 'available'), (6, 'borrowed'), (6, 'available'), (6, 'available'),  -- 오만과 편견 4권
(7, 'borrowed'), (7, 'available'),  -- 노인과 바다 2권
(8, 'available'), (8, 'available'), (8, 'borrowed'),  -- 모비 딕 3권
(9, 'available'), (9, 'available'),  -- 전쟁과 평화 2권
(10, 'borrowed'), (10, 'available'), (10, 'available'),  -- 죄와 벌 3권
(11, 'available'), (11, 'borrowed'), (11, 'available'), (11, 'available'), (11, 'borrowed'),  -- 토지 5권
(12, 'available'), (12, 'available'), (12, 'borrowed'), (12, 'available'),  -- 태백산맥 4권
(13, 'borrowed'), (13, 'available'), (13, 'available'),  -- 아몬드 3권
(14, 'available'), (14, 'borrowed'),  -- 82년생 김지영 2권
(15, 'available'),  -- 살인자의 기억법 1권
-- 판타지 (16-25)
(16, 'available'), (16, 'borrowed'), (16, 'available'), (16, 'borrowed'), (16, 'available'),  -- 해리포터1 5권
(17, 'available'), (17, 'borrowed'), (17, 'available'),  -- 해리포터2 3권
(18, 'available'), (18, 'borrowed'),  -- 해리포터3 2권
(19, 'borrowed'), (19, 'borrowed'),  -- 반지의 제왕 2권 (모두 대출중!)
(20, 'available'), (20, 'available'), (20, 'available'),  -- 나니아 3권
(21, 'available'), (21, 'borrowed'),  -- 호빗 2권
(22, 'available'),  -- 퍼시 잭슨 1권
(23, 'available'), (23, 'available'),  -- 어스시 2권
(24, 'borrowed'), (24, 'borrowed'), (24, 'borrowed'),  -- 엔더의 게임 3권 (모두 대출중!)
(25, 'available'),  -- 미스트본 1권
-- SF (26-33)
(26, 'available'), (26, 'borrowed'), (26, 'available'), (26, 'available'),  -- 1984 4권
(27, 'borrowed'),  -- 멋진 신세계 1권 (모두 대출중!)
(28, 'available'), (28, 'available'),  -- 파운데이션 2권
(29, 'available'),  -- 듄 1권
(30, 'available'), (30, 'available'),  -- 타임머신 2권
(31, 'available'),  -- 화성 연대기 1권
(32, 'available'),  -- 솔라리스 1권
(33, 'available'), (33, 'borrowed'),  -- 히치하이커 2권
-- 역사 (34-39)
(34, 'available'), (34, 'borrowed'),  -- 총균쇠 2권
(35, 'available'), (35, 'borrowed'), (35, 'available'), (35, 'borrowed'),  -- 사피엔스 4권
(36, 'available'),  -- 21세기 자본 1권
(37, 'available'),  -- 역사의 연구 1권
(38, 'available'),  -- 문명의 붕괴 1권
(39, 'available'), (39, 'available'),  -- 대한민국사 2권
-- 자기계발 (40-47)
(40, 'available'), (40, 'borrowed'), (40, 'available'),  -- 7가지 습관 3권
(41, 'available'), (41, 'available'),  -- 데일 카네기 2권
(42, 'available'), (42, 'borrowed'),  -- 미움받을 용기 2권
(43, 'borrowed'), (43, 'borrowed'),  -- 아침형 인간 2권 (모두 대출중!)
(44, 'available'),  -- 타이탄의 도구들 1권
(45, 'available'), (45, 'available'),  -- 그릿 2권
(46, 'available'), (46, 'borrowed'),  -- 습관의 힘 2권
(47, 'available'),  -- 마시멜로 1권
-- 경제/경영 (48-54)
(48, 'available'), (48, 'borrowed'),  -- 부의 추월차선 2권
(49, 'available'), (49, 'borrowed'), (49, 'available'),  -- 돈의 속성 3권
(50, 'available'),  -- 주식시장 1권
(51, 'available'), (51, 'available'),  -- 피터 린치 2권
(52, 'available'), (52, 'borrowed'),  -- 원칙 2권
(53, 'available'),  -- 경제학 콘서트 1권
(54, 'available'), (54, 'available'),  -- 넛지 2권
-- 과학 (55-58)
(55, 'available'), (55, 'borrowed'), (55, 'available'),  -- 코스모스 3권
(56, 'available'), (56, 'borrowed'),  -- 이기적 유전자 2권
(57, 'available'),  -- 총명한 침팬지 1권
(58, 'available'), (58, 'available'),  -- 시간의 역사 2권
-- 예술 (59)
(59, 'available'), (59, 'available'),  -- 서양미술사 2권
-- 철학 (60-61)
(60, 'available'),  -- 소크라테스 1권
(61, 'available'),  -- 존재와 시간 1권
-- 심리학 (62-64)
(62, 'available'), (62, 'borrowed'),  -- 설득의 심리학 2권
(63, 'available'),  -- 프레임 1권
(64, 'available'), (64, 'available'), (64, 'borrowed');  -- 생각에 관한 생각 3권

-- 8. 대출 기록 데이터 (100건 이상)
-- 대출 기간: 7일
-- 모든 borrowed 상태 사본은 현재 대출 중이어야 함
-- 연체 기록 포함

-- === 현재 대출 중 (returned_at IS NULL) - borrowed 상태인 모든 사본 ===
-- copy_id를 순서대로 계산: 2,5,7,11,13,16,20,23,27,30,33,35,39,42,44,47,50,51,52,57,61,62,63,66,69,78,80,82,84,91,96,97,98,103,106,108,114,119,122,131,135
INSERT INTO loans (user_id, copy_id, checkout_at, due_at, returned_at) VALUES
-- 소설 borrowed 사본들
('user1', 2, '2025-10-14 10:00:00', '2025-10-21 10:00:00', NULL),   -- 채식주의자 #2
('user2', 5, '2025-10-15 11:00:00', '2025-10-22 11:00:00', NULL),   -- 노르웨이의 숲 #2
('user3', 7, '2025-10-16 12:00:00', '2025-10-23 12:00:00', NULL),   -- 위대한 개츠비 #2
('user4', 11, '2025-10-17 13:00:00', '2025-10-24 13:00:00', NULL),  -- 올리버 트위스트 #1 (모두 대출중)
('user5', 13, '2025-10-18 14:00:00', '2025-10-25 14:00:00', NULL),  -- 오만과 편견 #2
('user6', 16, '2025-10-19 15:00:00', '2025-10-26 15:00:00', NULL),  -- 노인과 바다 #1
('user7', 20, '2025-10-20 10:00:00', '2025-10-27 10:00:00', NULL),  -- 모비 딕 #3
('user8', 23, '2025-10-14 11:00:00', '2025-10-21 11:00:00', NULL),  -- 죄와 벌 #1
('user9', 27, '2025-10-15 12:00:00', '2025-10-22 12:00:00', NULL),  -- 토지 #2
('user10', 30, '2025-10-16 13:00:00', '2025-10-23 13:00:00', NULL), -- 토지 #5
('user1', 33, '2025-10-17 14:00:00', '2025-10-24 14:00:00', NULL),  -- 태백산맥 #3
('user2', 35, '2025-10-18 15:00:00', '2025-10-25 15:00:00', NULL),  -- 아몬드 #1
('user3', 39, '2025-10-19 10:00:00', '2025-10-26 10:00:00', NULL),  -- 82년생 김지영 #2
-- 판타지 borrowed 사본들
('user4', 42, '2025-10-14 12:00:00', '2025-10-21 12:00:00', NULL),  -- 해리포터1 #2
('user5', 44, '2025-10-15 13:00:00', '2025-10-22 13:00:00', NULL),  -- 해리포터1 #4
('user6', 47, '2025-10-16 14:00:00', '2025-10-23 14:00:00', NULL),  -- 해리포터2 #2
('user7', 50, '2025-10-17 15:00:00', '2025-10-24 15:00:00', NULL),  -- 해리포터3 #2
('user8', 51, '2025-10-18 10:00:00', '2025-10-25 10:00:00', NULL),  -- 반지의 제왕 #1 (모두 대출중)
('user9', 52, '2025-10-19 11:00:00', '2025-10-26 11:00:00', NULL),  -- 반지의 제왕 #2 (모두 대출중)
('user10', 57, '2025-10-20 12:00:00', '2025-10-27 12:00:00', NULL), -- 호빗 #2
('user1', 61, '2025-10-14 13:00:00', '2025-10-21 13:00:00', NULL),  -- 엔더의 게임 #1 (모두 대출중)
('user2', 62, '2025-10-15 14:00:00', '2025-10-22 14:00:00', NULL),  -- 엔더의 게임 #2 (모두 대출중)
('user3', 63, '2025-10-16 15:00:00', '2025-10-23 15:00:00', NULL),  -- 엔더의 게임 #3 (모두 대출중)
-- SF borrowed 사본들
('user4', 66, '2025-10-17 10:00:00', '2025-10-24 10:00:00', NULL),  -- 1984 #2
('user5', 69, '2025-10-18 11:00:00', '2025-10-25 11:00:00', NULL),  -- 멋진 신세계 #1 (모두 대출중)
('user6', 78, '2025-10-19 12:00:00', '2025-10-26 12:00:00', NULL),  -- 히치하이커 #2
-- 역사 borrowed 사본들
('user7', 80, '2025-10-20 13:00:00', '2025-10-27 13:00:00', NULL),  -- 총균쇠 #2
('user8', 82, '2025-10-14 14:00:00', '2025-10-21 14:00:00', NULL),  -- 사피엔스 #2
('user9', 84, '2025-10-15 15:00:00', '2025-10-22 15:00:00', NULL),  -- 사피엔스 #4
-- 자기계발 borrowed 사본들
('user10', 91, '2025-10-16 10:00:00', '2025-10-23 10:00:00', NULL), -- 7가지 습관 #2
('user1', 96, '2025-10-17 11:00:00', '2025-10-24 11:00:00', NULL),  -- 미움받을 용기 #2
('user2', 97, '2025-10-18 12:00:00', '2025-10-25 12:00:00', NULL),  -- 아침형 인간 #1 (모두 대출중)
('user3', 98, '2025-10-19 13:00:00', '2025-10-26 13:00:00', NULL),  -- 아침형 인간 #2 (모두 대출중)
('user4', 103, '2025-10-20 14:00:00', '2025-10-27 14:00:00', NULL), -- 습관의 힘 #2
-- 경제/경영 borrowed 사본들
('user5', 106, '2025-10-14 15:00:00', '2025-10-21 15:00:00', NULL), -- 부의 추월차선 #2
('user6', 108, '2025-10-15 10:00:00', '2025-10-22 10:00:00', NULL), -- 돈의 속성 #2
('user7', 114, '2025-10-16 11:00:00', '2025-10-23 11:00:00', NULL), -- 원칙 #2
-- 과학 borrowed 사본들
('user8', 119, '2025-10-17 12:00:00', '2025-10-24 12:00:00', NULL), -- 코스모스 #2
('user9', 122, '2025-10-18 13:00:00', '2025-10-25 13:00:00', NULL), -- 이기적 유전자 #2
-- 심리학 borrowed 사본들
('user10', 131, '2025-10-19 14:00:00', '2025-10-26 14:00:00', NULL), -- 설득의 심리학 #2
('user1', 135, '2025-10-20 15:00:00', '2025-10-27 15:00:00', NULL),  -- 생각에 관한 생각 #3

-- 연체 중인 대출 (due_at이 지났지만 returned_at IS NULL)
('user3', 1, '2025-10-01 10:00:00', '2025-10-08 10:00:00', NULL),   -- 채식주의자 #1 연체!
('user4', 12, '2025-10-05 11:00:00', '2025-10-12 11:00:00', NULL);  -- 오만과 편견 #1 연체!

-- === 과거 대출 기록 (모두 반납됨) ===
-- 2025년 8월 대출 기록
INSERT INTO loans (user_id, copy_id, checkout_at, due_at, returned_at) VALUES
('user1', 3, '2025-08-01 10:00:00', '2025-08-08 10:00:00', '2025-08-07 14:00:00'),
('user2', 4, '2025-08-02 11:00:00', '2025-08-09 11:00:00', '2025-08-08 09:00:00'),
('user3', 6, '2025-08-03 12:00:00', '2025-08-10 12:00:00', '2025-08-15 16:00:00'), -- 연체 후 반납
('user4', 10, '2025-08-05 13:00:00', '2025-08-12 13:00:00', '2025-08-11 10:00:00'),
('user5', 15, '2025-08-06 14:00:00', '2025-08-13 14:00:00', '2025-08-12 11:00:00'),
('user6', 21, '2025-08-07 15:00:00', '2025-08-14 15:00:00', '2025-08-13 12:00:00'),
('user7', 26, '2025-08-08 16:00:00', '2025-08-15 16:00:00', '2025-08-14 13:00:00'),
('user8', 31, '2025-08-10 10:00:00', '2025-08-17 10:00:00', '2025-08-16 14:00:00'),
('user9', 36, '2025-08-12 11:00:00', '2025-08-19 11:00:00', '2025-08-18 15:00:00'),
('user10', 40, '2025-08-15 12:00:00', '2025-08-22 12:00:00', '2025-08-21 16:00:00'),
('user1', 41, '2025-08-16 13:00:00', '2025-08-23 13:00:00', '2025-08-22 10:00:00'),
('user2', 45, '2025-08-17 14:00:00', '2025-08-24 14:00:00', '2025-08-23 11:00:00'),
('user3', 53, '2025-08-18 15:00:00', '2025-08-25 15:00:00', '2025-08-24 12:00:00'),
('user4', 58, '2025-08-19 10:00:00', '2025-08-26 10:00:00', '2025-08-25 13:00:00'),
('user5', 65, '2025-08-20 11:00:00', '2025-08-27 11:00:00', '2025-08-26 14:00:00');

-- 2025년 9월 대출 기록
INSERT INTO loans (user_id, copy_id, checkout_at, due_at, returned_at) VALUES
('user1', 8, '2025-09-01 10:00:00', '2025-09-08 10:00:00', '2025-09-07 14:00:00'),
('user2', 9, '2025-09-02 11:00:00', '2025-09-09 11:00:00', '2025-09-08 09:00:00'),
('user3', 14, '2025-09-03 12:00:00', '2025-09-10 12:00:00', '2025-09-09 16:00:00'),
('user4', 17, '2025-09-05 13:00:00', '2025-09-12 13:00:00', '2025-09-18 10:00:00'), -- 연체 후 반납
('user5', 22, '2025-09-06 14:00:00', '2025-09-13 14:00:00', '2025-09-12 11:00:00'),
('user6', 28, '2025-09-07 15:00:00', '2025-09-14 15:00:00', '2025-09-13 12:00:00'),
('user7', 32, '2025-09-08 16:00:00', '2025-09-15 16:00:00', '2025-09-14 13:00:00'),
('user8', 37, '2025-09-10 10:00:00', '2025-09-17 10:00:00', '2025-09-16 14:00:00'),
('user9', 43, '2025-09-12 11:00:00', '2025-09-19 11:00:00', '2025-09-18 15:00:00'),
('user10', 46, '2025-09-15 12:00:00', '2025-09-22 12:00:00', '2025-09-21 16:00:00'),
('user1', 49, '2025-09-16 10:00:00', '2025-09-23 10:00:00', '2025-09-22 14:00:00'),
('user2', 54, '2025-09-17 11:00:00', '2025-09-24 11:00:00', '2025-09-23 09:00:00'),
('user3', 56, '2025-09-18 12:00:00', '2025-09-25 12:00:00', '2025-09-24 16:00:00'),
('user4', 59, '2025-09-19 13:00:00', '2025-09-26 13:00:00', '2025-09-25 10:00:00'),
('user5', 64, '2025-09-20 14:00:00', '2025-09-27 14:00:00', '2025-09-26 11:00:00'),
('user6', 70, '2025-09-21 15:00:00', '2025-09-28 15:00:00', '2025-09-27 12:00:00'),
('user7', 75, '2025-09-22 10:00:00', '2025-09-29 10:00:00', '2025-09-28 13:00:00'),
('user8', 79, '2025-09-23 11:00:00', '2025-09-30 11:00:00', '2025-09-29 14:00:00'),
('user9', 85, '2025-09-24 12:00:00', '2025-10-01 12:00:00', '2025-09-30 15:00:00'),
('user10', 90, '2025-09-25 13:00:00', '2025-10-02 13:00:00', '2025-10-01 10:00:00');

-- 2025년 10월 대출 기록 (반납 완료)
INSERT INTO loans (user_id, copy_id, checkout_at, due_at, returned_at) VALUES
('user6', 6, '2025-10-01 10:00:00', '2025-10-08 10:00:00', '2025-10-07 14:00:00'),
('user7', 19, '2025-10-02 11:00:00', '2025-10-09 11:00:00', '2025-10-08 09:00:00'),
('user8', 24, '2025-10-03 12:00:00', '2025-10-10 12:00:00', '2025-10-09 16:00:00'),
('user9', 29, '2025-10-05 13:00:00', '2025-10-12 13:00:00', '2025-10-11 10:00:00'),
('user10', 34, '2025-10-06 14:00:00', '2025-10-13 14:00:00', '2025-10-12 11:00:00'),
('user1', 38, '2025-10-07 15:00:00', '2025-10-14 15:00:00', '2025-10-13 12:00:00'),
('user2', 48, '2025-10-08 16:00:00', '2025-10-15 16:00:00', '2025-10-14 13:00:00'),
('user3', 55, '2025-10-09 10:00:00', '2025-10-16 10:00:00', '2025-10-15 14:00:00'),
('user4', 60, '2025-10-10 11:00:00', '2025-10-17 11:00:00', '2025-10-16 15:00:00'),
('user5', 67, '2025-10-11 12:00:00', '2025-10-18 12:00:00', '2025-10-17 10:00:00'),
('user6', 72, '2025-10-12 13:00:00', '2025-10-19 13:00:00', '2025-10-18 11:00:00'),
('user7', 76, '2025-10-13 14:00:00', '2025-10-20 14:00:00', '2025-10-19 12:00:00'),
('user8', 81, '2025-10-01 15:00:00', '2025-10-08 15:00:00', '2025-10-07 13:00:00'),
('user9', 86, '2025-10-02 10:00:00', '2025-10-09 10:00:00', '2025-10-08 14:00:00'),
('user10', 88, '2025-10-03 11:00:00', '2025-10-10 11:00:00', '2025-10-09 15:00:00'),
('user1', 93, '2025-10-04 12:00:00', '2025-10-11 12:00:00', '2025-10-10 10:00:00'),
('user2', 99, '2025-10-05 13:00:00', '2025-10-12 13:00:00', '2025-10-11 11:00:00'),
('user3', 100, '2025-10-06 14:00:00', '2025-10-13 14:00:00', '2025-10-12 12:00:00'),
('user4', 104, '2025-10-07 15:00:00', '2025-10-14 15:00:00', '2025-10-13 13:00:00'),
('user5', 107, '2025-10-08 10:00:00', '2025-10-15 10:00:00', '2025-10-14 14:00:00'),
('user6', 110, '2025-10-09 11:00:00', '2025-10-16 11:00:00', '2025-10-15 15:00:00'),
('user7', 115, '2025-10-10 12:00:00', '2025-10-17 12:00:00', '2025-10-16 10:00:00'),
('user8', 118, '2025-10-11 13:00:00', '2025-10-18 13:00:00', '2025-10-17 11:00:00'),
('user9', 123, '2025-10-12 14:00:00', '2025-10-19 14:00:00', '2025-10-18 12:00:00'),
('user10', 126, '2025-10-13 15:00:00', '2025-10-20 15:00:00', '2025-10-19 13:00:00');